{
  "run_id": "145f0250",
  "timestamp": "2026-05-07T08:28:17.090988+00:00",
  "classifier": "mlp",
  "dataset": "balabit",
  "preprocessor": "khan",
  "splitter": "half",
  "preprocessor_window_size": 50,
  "is_debug": false,
  "user_results": [
    {
      "user_id": "21",
      "score": 0.5878734622144113,
      "balanced_score": 0.6118719398119794,
      "f1_macro": 0.5849812483330339,
      "f1_weighted": 0.5946016650331942,
      "precision_macro": 0.6045273177565418,
      "recall_macro": 0.6118719398119794,
      "best_params": {
        "activation": "relu",
        "alpha": 3.6298408401863574e-05,
        "batch_size": 128,
        "beta_1": 0.9,
        "beta_2": 0.999,
        "early_stopping": true,
        "epsilon": 1e-08,
        "hidden_layer_sizes": [
          110,
          109
        ],
        "learning_rate": "constant",
        "learning_rate_init": 0.002397984219551709,
        "max_fun": 15000,
        "max_iter": 1000,
        "momentum": 0.9,
        "n_iter_no_change": 20,
        "nesterovs_momentum": true,
        "power_t": 0.5,
        "random_state": 42,
        "shuffle": true,
        "solver": "adam",
        "tol": 0.0001,
        "validation_fraction": 0.1,
        "verbose": false,
        "warm_start": false
      }
    },
    {
      "user_id": "9",
      "score": 0.9864998353638459,
      "balanced_score": 0.9881361371186953,
      "f1_macro": 0.9807084172480077,
      "f1_weighted": 0.9866007675305282,
      "precision_macro": 0.9737514167627459,
      "recall_macro": 0.9881361371186953,
      "best_params": {
        "activation": "tanh",
        "alpha": 0.00033963987549776703,
        "batch_size": 32,
        "beta_1": 0.9,
        "beta_2": 0.999,
        "early_stopping": true,
        "epsilon": 1e-08,
        "hidden_layer_sizes": [
          54,
          47
        ],
        "learning_rate": "constant",
        "learning_rate_init": 0.0005910623135897928,
        "max_fun": 15000,
        "max_iter": 1000,
        "momentum": 0.9,
        "n_iter_no_change": 20,
        "nesterovs_momentum": true,
        "power_t": 0.5,
        "random_state": 42,
        "shuffle": true,
        "solver": "adam",
        "tol": 0.0001,
        "validation_fraction": 0.1,
        "verbose": false,
        "warm_start": false
      }
    },
    {
      "user_id": "12",
      "score": 0.4726388325901905,
      "balanced_score": 0.5334113081637833,
      "f1_macro": 0.40495970885441146,
      "f1_weighted": 0.37559412752194,
      "precision_macro": 0.6002234238445019,
      "recall_macro": 0.5334113081637833,
      "best_params": {
        "activation": "relu",
        "alpha": 0.004188379278125915,
        "batch_size": 256,
        "beta_1": 0.9,
        "beta_2": 0.999,
        "early_stopping": true,
        "epsilon": 1e-08,
        "hidden_layer_sizes": [
          87,
          67
        ],
        "learning_rate": "constant",
        "learning_rate_init": 0.0005916118533993239,
        "max_fun": 15000,
        "max_iter": 1000,
        "momentum": 0.9,
        "n_iter_no_change": 20,
        "nesterovs_momentum": true,
        "power_t": 0.5,
        "random_state": 42,
        "shuffle": true,
        "solver": "adam",
        "tol": 0.0001,
        "validation_fraction": 0.1,
        "verbose": false,
        "warm_start": false
      }
    },
    {
      "user_id": "35",
      "score": 0.6409362549800797,
      "balanced_score": 0.5035059901338971,
      "f1_macro": 0.4440298321184898,
      "f1_weighted": 0.5481677896486361,
      "precision_macro": 0.5135273499734466,
      "recall_macro": 0.5035059901338971,
      "best_params": {
        "activation": "relu",
        "alpha": 0.00011188482506567831,
        "batch_size": 256,
        "beta_1": 0.9,
        "beta_2": 0.999,
        "early_stopping": true,
        "epsilon": 1e-08,
        "hidden_layer_sizes": [
          37
        ],
        "learning_rate": "constant",
        "learning_rate_init": 0.0010399877976580204,
        "max_fun": 15000,
        "max_iter": 1000,
        "momentum": 0.9,
        "n_iter_no_change": 20,
        "nesterovs_momentum": true,
        "power_t": 0.5,
        "random_state": 42,
        "shuffle": true,
        "solver": "adam",
        "tol": 0.0001,
        "validation_fraction": 0.1,
        "verbose": false,
        "warm_start": false
      }
    },
    {
      "user_id": "23",
      "score": 0.5244755244755245,
      "balanced_score": 0.5237597829510133,
      "f1_macro": 0.49075034197863704,
      "f1_weighted": 0.49111692004925545,
      "precision_macro": 0.5321958602482579,
      "recall_macro": 0.5237597829510133,
      "best_params": {
        "activation": "relu",
        "alpha": 0.029709009895887522,
        "batch_size": 64,
        "beta_1": 0.9,
        "beta_2": 0.999,
        "early_stopping": true,
        "epsilon": 1e-08,
        "hidden_layer_sizes": [
          120
        ],
        "learning_rate": "constant",
        "learning_rate_init": 0.006951978210220527,
        "max_fun": 15000,
        "max_iter": 1000,
        "momentum": 0.9,
        "n_iter_no_change": 20,
        "nesterovs_momentum": true,
        "power_t": 0.5,
        "random_state": 42,
        "shuffle": true,
        "solver": "adam",
        "tol": 0.0001,
        "validation_fraction": 0.1,
        "verbose": false,
        "warm_start": false
      }
    },
    {
      "user_id": "29",
      "score": 0.47592738752959746,
      "balanced_score": 0.5600344627320345,
      "f1_macro": 0.46935552236395933,
      "f1_weighted": 0.4515975037248945,
      "precision_macro": 0.5751964451154652,
      "recall_macro": 0.5600344627320345,
      "best_params": {
        "activation": "tanh",
        "alpha": 0.030124856516745038,
        "batch_size": 64,
        "beta_1": 0.9,
        "beta_2": 0.999,
        "early_stopping": true,
        "epsilon": 1e-08,
        "hidden_layer_sizes": [
          60,
          44
        ],
        "learning_rate": "adaptive",
        "learning_rate_init": 0.002474577535010606,
        "max_fun": 15000,
        "max_iter": 1000,
        "momentum": 0.964802637037053,
        "n_iter_no_change": 20,
        "nesterovs_momentum": true,
        "power_t": 0.5,
        "random_state": 42,
        "shuffle": true,
        "solver": "sgd",
        "tol": 0.0001,
        "validation_fraction": 0.1,
        "verbose": false,
        "warm_start": false
      }
    },
    {
      "user_id": "16",
      "score": 0.35550351288056203,
      "balanced_score": 0.5209021944997587,
      "f1_macro": 0.3087948802409298,
      "f1_weighted": 0.242897836354746,
      "precision_macro": 0.584595845609658,
      "recall_macro": 0.5209021944997587,
      "best_params": {
        "activation": "relu",
        "alpha": 9.285193110470295e-05,
        "batch_size": 64,
        "beta_1": 0.9,
        "beta_2": 0.999,
        "early_stopping": true,
        "epsilon": 1e-08,
        "hidden_layer_sizes": [
          54,
          50
        ],
        "learning_rate": "constant",
        "learning_rate_init": 0.0013841477973342304,
        "max_fun": 15000,
        "max_iter": 1000,
        "momentum": 0.9,
        "n_iter_no_change": 20,
        "nesterovs_momentum": true,
        "power_t": 0.5,
        "random_state": 42,
        "shuffle": true,
        "solver": "adam",
        "tol": 0.0001,
        "validation_fraction": 0.1,
        "verbose": false,
        "warm_start": false
      }
    },
    {
      "user_id": "15",
      "score": 0.6659407665505227,
      "balanced_score": 0.6160436137071651,
      "f1_macro": 0.6188545195652206,
      "f1_weighted": 0.6596976086478866,
      "precision_macro": 0.6250785578713409,
      "recall_macro": 0.6160436137071651,
      "best_params": {
        "activation": "tanh",
        "alpha": 0.0002320311539261015,
        "batch_size": 64,
        "beta_1": 0.9,
        "beta_2": 0.999,
        "early_stopping": true,
        "epsilon": 1e-08,