{
  "run_id": "1bd3049b",
  "timestamp": "2026-06-09T01:17:28.308208+00:00",
  "classifier": "mlp",
  "dataset": "balabit",
  "preprocessor": "khan",
  "splitter": "half",
  "preprocessor_window_size": 50,
  "is_debug": false,
  "user_results": [
    {
      "user_id": "21",
      "score": 0.5052724077328646,
      "balanced_score": 0.5837090064491947,
      "f1_macro": 0.4979969050557286,
      "f1_weighted": 0.4812154536252541,
      "precision_macro": 0.6056535550148688,
      "recall_macro": 0.5837090064491947,
      "best_params": {
        "activation": "relu",
        "alpha": 6.479507528755093e-05,
        "batch_size": 32,
        "beta_1": 0.9,
        "beta_2": 0.999,
        "early_stopping": true,
        "epsilon": 1e-08,
        "hidden_layer_sizes": [
          118
        ],
        "learning_rate": "constant",
        "learning_rate_init": 0.00687964858183066,
        "max_fun": 15000,
        "max_iter": 1000,
        "momentum": 0.9,
        "n_iter_no_change": 20,
        "nesterovs_momentum": true,
        "power_t": 0.5,
        "random_state": 42,
        "shuffle": true,
        "solver": "adam",
        "tol": 0.0001,
        "validation_fraction": 0.1,
        "verbose": false,
        "warm_start": false
      }
    },
    {
      "user_id": "9",
      "score": 0.9525847876193612,
      "balanced_score": 0.9668928697271721,
      "f1_macro": 0.935619724629642,
      "f1_weighted": 0.9540429777672909,
      "precision_macro": 0.9126511384250573,
      "recall_macro": 0.9668928697271721,
      "best_params": {
        "activation": "relu",
        "alpha": 5.942876210856536e-05,
        "batch_size": 64,
        "beta_1": 0.9,
        "beta_2": 0.999,
        "early_stopping": true,
        "epsilon": 1e-08,
        "hidden_layer_sizes": [
          66,
          51
        ],
        "learning_rate": "constant",
        "learning_rate_init": 0.001822752855250301,
        "max_fun": 15000,
        "max_iter": 1000,
        "momentum": 0.9,
        "n_iter_no_change": 20,
        "nesterovs_momentum": true,
        "power_t": 0.5,
        "random_state": 42,
        "shuffle": true,
        "solver": "adam",
        "tol": 0.0001,
        "validation_fraction": 0.1,
        "verbose": false,
        "warm_start": false
      }
    },
    {
      "user_id": "12",
      "score": 0.5152006485610052,
      "balanced_score": 0.5653272592216487,
      "f1_macro": 0.480101522270197,
      "f1_weighted": 0.46033430761967936,
      "precision_macro": 0.6148849597240923,
      "recall_macro": 0.5653272592216487,
      "best_params": {
        "activation": "relu",
        "alpha": 0.0003712433028528958,
        "batch_size": 32,
        "beta_1": 0.9,
        "beta_2": 0.999,
        "early_stopping": true,
        "epsilon": 1e-08,
        "hidden_layer_sizes": [
          91,
          126
        ],
        "learning_rate": "constant",
        "learning_rate_init": 0.0009207228794572026,
        "max_fun": 15000,
        "max_iter": 1000,
        "momentum": 0.9,
        "n_iter_no_change": 20,
        "nesterovs_momentum": true,
        "power_t": 0.5,
        "random_state": 42,
        "shuffle": true,
        "solver": "adam",
        "tol": 0.0001,
        "validation_fraction": 0.1,
        "verbose": false,
        "warm_start": false
      }
    },
    {
      "user_id": "35",
      "score": 0.6429282868525896,
      "balanced_score": 0.5105884425651868,
      "f1_macro": 0.4608083739829787,
      "f1_weighted": 0.5594371528463842,
      "precision_macro": 0.5338812254461534,
      "recall_macro": 0.5105884425651868,
      "best_params": {
        "activation": "tanh",
        "alpha": 0.00990245918200531,
        "batch_size": 64,
        "beta_1": 0.9,
        "beta_2": 0.999,
        "early_stopping": true,
        "epsilon": 1e-08,
        "hidden_layer_sizes": [
          84,
          40
        ],
        "learning_rate": "constant",
        "learning_rate_init": 0.0038208063849142423,
        "max_fun": 15000,
        "max_iter": 1000,
        "momentum": 0.9,
        "n_iter_no_change": 20,
        "nesterovs_momentum": true,
        "power_t": 0.5,
        "random_state": 42,
        "shuffle": true,
        "solver": "adam",
        "tol": 0.0001,
        "validation_fraction": 0.1,
        "verbose": false,
        "warm_start": false
      }
    },
    {
      "user_id": "23",
      "score": 0.5545454545454546,
      "balanced_score": 0.5547943061806928,
      "f1_macro": 0.5511155461926057,
      "f1_weighted": 0.5510057891253146,
      "precision_macro": 0.55657892610726,
      "recall_macro": 0.5547943061806928,
      "best_params": {
        "activation": "relu",
        "alpha": 0.027473274547168858,
        "batch_size": 64,
        "beta_1": 0.9,
        "beta_2": 0.999,
        "early_stopping": true,
        "epsilon": 1e-08,
        "hidden_layer_sizes": [
          99,
          93
        ],
        "learning_rate": "constant",
        "learning_rate_init": 0.0034176992607608076,
        "max_fun": 15000,
        "max_iter": 1000,
        "momentum": 0.9,
        "n_iter_no_change": 20,
        "nesterovs_momentum": true,
        "power_t": 0.5,
        "random_state": 42,
        "shuffle": true,
        "solver": "adam",
        "tol": 0.0001,
        "validation_fraction": 0.1,
        "verbose": false,
        "warm_start": false
      }
    },
    {
      "user_id": "29",
      "score": 0.47592738752959746,
      "balanced_score": 0.5600344627320345,
      "f1_macro": 0.46935552236395933,
      "f1_weighted": 0.4515975037248945,
      "precision_macro": 0.5751964451154652,
      "recall_macro": 0.5600344627320345,
      "best_params": {
        "activation": "tanh",
        "alpha": 0.030124856516745038,
        "batch_size": 64,
        "beta_1": 0.9,
        "beta_2": 0.999,
        "early_stopping": true,
        "epsilon": 1e-08,
        "hidden_layer_sizes": [
          60,
          44
        ],
        "learning_rate": "adaptive",
        "learning_rate_init": 0.002474577535010606,
        "max_fun": 15000,
        "max_iter": 1000,
        "momentum": 0.964802637037053,
        "n_iter_no_change": 20,
        "nesterovs_momentum": true,
        "power_t": 0.5,
        "random_state": 42,
        "shuffle": true,
        "solver": "sgd",
        "tol": 0.0001,
        "validation_fraction": 0.1,
        "verbose": false,
        "warm_start": false
      }
    },
    {
      "user_id": "16",
      "score": 0.37611241217798597,
      "balanced_score": 0.5320115707037729,
      "f1_macro": 0.3412728414896515,
      "f1_weighted": 0.28571401491334625,
      "precision_macro": 0.5875190575190575,
      "recall_macro": 0.5320115707037729,
      "best_params": {
        "activation": "relu",
        "alpha": 0.0005640131825650917,
        "batch_size": 64,
        "beta_1": 0.9,
        "beta_2": 0.999,
        "early_stopping": true,
        "epsilon": 1e-08,
        "hidden_layer_sizes": [
          61,
          70
        ],
        "learning_rate": "constant",
        "learning_rate_init": 0.002043263252042027,
        "max_fun": 15000,
        "max_iter": 1000,
        "momentum": 0.9,
        "n_iter_no_change": 20,
        "nesterovs_momentum": true,
        "power_t": 0.5,
        "random_state": 42,
        "shuffle": true,
        "solver": "adam",
        "tol": 0.0001,
        "validation_fraction": 0.1,
        "verbose": false,
        "warm_start": false
      }
    },
    {
      "user_id": "15",
      "score": 0.6794425087108014,
      "balanced_score": 0.6079450963858244,
      "f1_macro": 0.6108402881409016,
      "f1_weighted": 0.660655178596223,
      "precision_macro": 0.6371419947540036,
      "recall_macro": 0.6079450963858244,
      "best_params": {
        "activation": "relu",
        "alpha": 0.029371495759025586,
        "batch_size": 64,
        "beta_1": 0.9,
        "beta_2": 0.999,
        "early_stopping": true,
        "epsilon": 1e-08,