{
  "run_id": "4d715784",
  "timestamp": "2026-05-07T07:15:49.230869+00:00",
  "classifier": "mlp",
  "dataset": "balabit",
  "preprocessor": "khan",
  "splitter": "half",
  "preprocessor_window_size": 10,
  "is_debug": false,
  "user_results": [
    {
      "user_id": "21",
      "score": 0.4556848701880036,
      "balanced_score": 0.5488789680219771,
      "f1_macro": 0.43784227639046164,
      "f1_weighted": 0.40974243269121713,
      "precision_macro": 0.5757618024964002,
      "recall_macro": 0.5488789680219771,
      "best_params": {
        "activation": "relu",
        "alpha": 0.00014924574833463425,
        "batch_size": 64,
        "beta_1": 0.9,
        "beta_2": 0.999,
        "early_stopping": true,
        "epsilon": 1e-08,
        "hidden_layer_sizes": [
          122,
          32
        ],
        "learning_rate": "constant",
        "learning_rate_init": 0.0036222349238859424,
        "max_fun": 15000,
        "max_iter": 1000,
        "momentum": 0.9,
        "n_iter_no_change": 20,
        "nesterovs_momentum": true,
        "power_t": 0.5,
        "random_state": 42,
        "shuffle": true,
        "solver": "adam",
        "tol": 0.0001,
        "validation_fraction": 0.1,
        "verbose": false,
        "warm_start": false
      }
    },
    {
      "user_id": "9",
      "score": 0.9773361690814835,
      "balanced_score": 0.9837546874253633,
      "f1_macro": 0.9677636725876715,
      "f1_weighted": 0.977696932762004,
      "precision_macro": 0.9538859729350175,
      "recall_macro": 0.9837546874253633,
      "best_params": {
        "activation": "tanh",
        "alpha": 1.143829230613496e-05,
        "batch_size": 32,
        "beta_1": 0.9,
        "beta_2": 0.999,
        "early_stopping": true,
        "epsilon": 1e-08,
        "hidden_layer_sizes": [
          35,
          58
        ],
        "learning_rate": "constant",
        "learning_rate_init": 0.001494713861765299,
        "max_fun": 15000,
        "max_iter": 1000,
        "momentum": 0.9,
        "n_iter_no_change": 20,
        "nesterovs_momentum": true,
        "power_t": 0.5,
        "random_state": 42,
        "shuffle": true,
        "solver": "adam",
        "tol": 0.0001,
        "validation_fraction": 0.1,
        "verbose": false,
        "warm_start": false
      }
    },
    {
      "user_id": "12",
      "score": 0.4577586918820712,
      "balanced_score": 0.522056349105635,
      "f1_macro": 0.37830040494921946,
      "f1_weighted": 0.34542681014747834,
      "precision_macro": 0.5844763752233867,
      "recall_macro": 0.522056349105635,
      "best_params": {
        "activation": "tanh",
        "alpha": 3.456468254999416e-05,
        "batch_size": 256,
        "beta_1": 0.9,
        "beta_2": 0.999,
        "early_stopping": true,
        "epsilon": 1e-08,
        "hidden_layer_sizes": [
          124,
          91
        ],
        "learning_rate": "constant",
        "learning_rate_init": 0.0012537615211160402,
        "max_fun": 15000,
        "max_iter": 1000,
        "momentum": 0.9,
        "n_iter_no_change": 20,
        "nesterovs_momentum": true,
        "power_t": 0.5,
        "random_state": 42,
        "shuffle": true,
        "solver": "adam",
        "tol": 0.0001,
        "validation_fraction": 0.1,
        "verbose": false,
        "warm_start": false
      }
    },
    {
      "user_id": "35",
      "score": 0.627714897522178,
      "balanced_score": 0.5259557256777132,
      "f1_macro": 0.5106928969100958,
      "f1_weighted": 0.5859178401726165,
      "precision_macro": 0.5418070428622337,
      "recall_macro": 0.5259557256777132,
      "best_params": {
        "activation": "relu",
        "alpha": 0.00011188482506567831,
        "batch_size": 256,
        "beta_1": 0.9,
        "beta_2": 0.999,
        "early_stopping": true,
        "epsilon": 1e-08,
        "hidden_layer_sizes": [
          37
        ],
        "learning_rate": "constant",
        "learning_rate_init": 0.0010399877976580204,
        "max_fun": 15000,
        "max_iter": 1000,
        "momentum": 0.9,
        "n_iter_no_change": 20,
        "nesterovs_momentum": true,
        "power_t": 0.5,
        "random_state": 42,
        "shuffle": true,
        "solver": "adam",
        "tol": 0.0001,
        "validation_fraction": 0.1,
        "verbose": false,
        "warm_start": false
      }
    },
    {
      "user_id": "23",
      "score": 0.5312187455350764,
      "balanced_score": 0.5301526723167329,
      "f1_macro": 0.5053694372685685,
      "f1_weighted": 0.5059025792515653,
      "precision_macro": 0.5379151286966215,
      "recall_macro": 0.5301526723167329,
      "best_params": {
        "activation": "relu",
        "alpha": 0.029709009895887522,
        "batch_size": 64,
        "beta_1": 0.9,
        "beta_2": 0.999,
        "early_stopping": true,
        "epsilon": 1e-08,
        "hidden_layer_sizes": [
          120
        ],
        "learning_rate": "constant",
        "learning_rate_init": 0.006951978210220527,
        "max_fun": 15000,
        "max_iter": 1000,
        "momentum": 0.9,
        "n_iter_no_change": 20,
        "nesterovs_momentum": true,
        "power_t": 0.5,
        "random_state": 42,
        "shuffle": true,
        "solver": "adam",
        "tol": 0.0001,
        "validation_fraction": 0.1,
        "verbose": false,
        "warm_start": false
      }
    },
    {
      "user_id": "29",
      "score": 0.46787800129785856,
      "balanced_score": 0.5557262979641514,
      "f1_macro": 0.4594427527343728,
      "f1_weighted": 0.43913242697242144,
      "precision_macro": 0.5727372235479682,
      "recall_macro": 0.5557262979641514,
      "best_params": {
        "activation": "tanh",
        "alpha": 0.030124856516745038,
        "batch_size": 64,
        "beta_1": 0.9,
        "beta_2": 0.999,
        "early_stopping": true,
        "epsilon": 1e-08,
        "hidden_layer_sizes": [
          60,
          44
        ],
        "learning_rate": "adaptive",
        "learning_rate_init": 0.002474577535010606,
        "max_fun": 15000,
        "max_iter": 1000,
        "momentum": 0.964802637037053,
        "n_iter_no_change": 20,
        "nesterovs_momentum": true,
        "power_t": 0.5,
        "random_state": 42,
        "shuffle": true,
        "solver": "sgd",
        "tol": 0.0001,
        "validation_fraction": 0.1,
        "verbose": false,
        "warm_start": false
      }
    },
    {
      "user_id": "16",
      "score": 0.33263157894736844,
      "balanced_score": 0.5103119030922394,
      "f1_macro": 0.2714626336584357,
      "f1_weighted": 0.19316315151183625,
      "precision_macro": 0.5919849787968716,
      "recall_macro": 0.5103119030922394,
      "best_params": {
        "activation": "relu",
        "alpha": 0.0336828863879973,
        "batch_size": 128,
        "beta_1": 0.9,
        "beta_2": 0.999,
        "early_stopping": true,
        "epsilon": 1e-08,
        "hidden_layer_sizes": [
          33,
          48
        ],
        "learning_rate": "constant",
        "learning_rate_init": 0.0013268189227940705,
        "max_fun": 15000,
        "max_iter": 1000,
        "momentum": 0.9,
        "n_iter_no_change": 20,
        "nesterovs_momentum": true,
        "power_t": 0.5,
        "random_state": 42,
        "shuffle": true,
        "solver": "adam",
        "tol": 0.0001,
        "validation_fraction": 0.1,
        "verbose": false,
        "warm_start": false
      }
    },
    {
      "user_id": "15",
      "score": 0.6553104429816758,
      "balanced_score": 0.5942936902445818,
      "f1_macro": 0.5967208849355219,
      "f1_weighted": 0.644030072996127,
      "precision_macro": 0.6075913242009132,
      "recall_macro": 0.5942936902445818,
      "best_params": {
        "activation": "relu",
        "alpha": 0.02230180191459023,
        "batch_size": 64,
        "beta_1": 0.9,
        "beta_2": 0.999,
        "early_stopping": true,
        "epsilon": 1e-08,