{
  "run_id": "5e359127",
  "timestamp": "2026-06-09T01:36:22.434260+00:00",
  "classifier": "mlp",
  "dataset": "balabit",
  "preprocessor": "khan",
  "splitter": "half",
  "preprocessor_window_size": 250,
  "is_debug": false,
  "user_results": [
    {
      "user_id": "21",
      "score": 0.5179282868525896,
      "balanced_score": 0.5626373626373626,
      "f1_macro": 0.5178976776671904,
      "f1_weighted": 0.5168416607709202,
      "precision_macro": 0.5632542655014565,
      "recall_macro": 0.5626373626373626,
      "best_params": {
        "activation": "relu",
        "alpha": 6.479507528755093e-05,
        "batch_size": 32,
        "beta_1": 0.9,
        "beta_2": 0.999,
        "early_stopping": true,
        "epsilon": 1e-08,
        "hidden_layer_sizes": [
          118
        ],
        "learning_rate": "constant",
        "learning_rate_init": 0.00687964858183066,
        "max_fun": 15000,
        "max_iter": 1000,
        "momentum": 0.9,
        "n_iter_no_change": 20,
        "nesterovs_momentum": true,
        "power_t": 0.5,
        "random_state": 42,
        "shuffle": true,
        "solver": "adam",
        "tol": 0.0001,
        "validation_fraction": 0.1,
        "verbose": false,
        "warm_start": false
      }
    },
    {
      "user_id": "9",
      "score": 0.9619047619047619,
      "balanced_score": 0.9657395985196815,
      "f1_macro": 0.9488802336903603,
      "f1_weighted": 0.9625600840790713,
      "precision_macro": 0.9347325447503403,
      "recall_macro": 0.9657395985196815,
      "best_params": {
        "activation": "relu",
        "alpha": 5.942876210856536e-05,
        "batch_size": 64,
        "beta_1": 0.9,
        "beta_2": 0.999,
        "early_stopping": true,
        "epsilon": 1e-08,
        "hidden_layer_sizes": [
          66,
          51
        ],
        "learning_rate": "constant",
        "learning_rate_init": 0.001822752855250301,
        "max_fun": 15000,
        "max_iter": 1000,
        "momentum": 0.9,
        "n_iter_no_change": 20,
        "nesterovs_momentum": true,
        "power_t": 0.5,
        "random_state": 42,
        "shuffle": true,
        "solver": "adam",
        "tol": 0.0001,
        "validation_fraction": 0.1,
        "verbose": false,
        "warm_start": false
      }
    },
    {
      "user_id": "12",
      "score": 0.539179104477612,
      "balanced_score": 0.584053651266766,
      "f1_macro": 0.5099043071057064,
      "f1_weighted": 0.4933673986666148,
      "precision_macro": 0.6358256880733946,
      "recall_macro": 0.584053651266766,
      "best_params": {
        "activation": "relu",
        "alpha": 0.0003712433028528958,
        "batch_size": 32,
        "beta_1": 0.9,
        "beta_2": 0.999,
        "early_stopping": true,
        "epsilon": 1e-08,
        "hidden_layer_sizes": [
          91,
          126
        ],
        "learning_rate": "constant",
        "learning_rate_init": 0.0009207228794572026,
        "max_fun": 15000,
        "max_iter": 1000,
        "momentum": 0.9,
        "n_iter_no_change": 20,
        "nesterovs_momentum": true,
        "power_t": 0.5,
        "random_state": 42,
        "shuffle": true,
        "solver": "adam",
        "tol": 0.0001,
        "validation_fraction": 0.1,
        "verbose": false,
        "warm_start": false
      }
    },
    {
      "user_id": "35",
      "score": 0.6388261851015802,
      "balanced_score": 0.5742448905769578,
      "f1_macro": 0.5755891933320559,
      "f1_weighted": 0.6269923620803826,
      "precision_macro": 0.5847265221878225,
      "recall_macro": 0.5742448905769578,
      "best_params": {
        "activation": "tanh",
        "alpha": 0.00990245918200531,
        "batch_size": 64,
        "beta_1": 0.9,
        "beta_2": 0.999,
        "early_stopping": true,
        "epsilon": 1e-08,
        "hidden_layer_sizes": [
          84,
          40
        ],
        "learning_rate": "constant",
        "learning_rate_init": 0.0038208063849142423,
        "max_fun": 15000,
        "max_iter": 1000,
        "momentum": 0.9,
        "n_iter_no_change": 20,
        "nesterovs_momentum": true,
        "power_t": 0.5,
        "random_state": 42,
        "shuffle": true,
        "solver": "adam",
        "tol": 0.0001,
        "validation_fraction": 0.1,
        "verbose": false,
        "warm_start": false
      }
    },
    {
      "user_id": "23",
      "score": 0.5318471337579618,
      "balanced_score": 0.5311181434599156,
      "f1_macro": 0.525255330309482,
      "f1_weighted": 0.5256116440093997,
      "precision_macro": 0.5328437459855264,
      "recall_macro": 0.5311181434599156,
      "best_params": {
        "activation": "relu",
        "alpha": 0.027473274547168858,
        "batch_size": 64,
        "beta_1": 0.9,
        "beta_2": 0.999,
        "early_stopping": true,
        "epsilon": 1e-08,
        "hidden_layer_sizes": [
          99,
          93
        ],
        "learning_rate": "constant",
        "learning_rate_init": 0.0034176992607608076,
        "max_fun": 15000,
        "max_iter": 1000,
        "momentum": 0.9,
        "n_iter_no_change": 20,
        "nesterovs_momentum": true,
        "power_t": 0.5,
        "random_state": 42,
        "shuffle": true,
        "solver": "adam",
        "tol": 0.0001,
        "validation_fraction": 0.1,
        "verbose": false,
        "warm_start": false
      }
    },
    {
      "user_id": "29",
      "score": 0.4620938628158845,
      "balanced_score": 0.5409507445589921,
      "f1_macro": 0.4565409177694384,
      "f1_weighted": 0.4400804020960447,
      "precision_macro": 0.5498188405797102,
      "recall_macro": 0.5409507445589921,
      "best_params": {
        "activation": "tanh",
        "alpha": 0.030124856516745038,
        "batch_size": 64,
        "beta_1": 0.9,
        "beta_2": 0.999,
        "early_stopping": true,
        "epsilon": 1e-08,
        "hidden_layer_sizes": [
          60,
          44
        ],
        "learning_rate": "adaptive",
        "learning_rate_init": 0.002474577535010606,
        "max_fun": 15000,
        "max_iter": 1000,
        "momentum": 0.964802637037053,
        "n_iter_no_change": 20,
        "nesterovs_momentum": true,
        "power_t": 0.5,
        "random_state": 42,
        "shuffle": true,
        "solver": "sgd",
        "tol": 0.0001,
        "validation_fraction": 0.1,
        "verbose": false,
        "warm_start": false
      }
    },
    {
      "user_id": "16",
      "score": 0.4924731182795699,
      "balanced_score": 0.5953406087475488,
      "f1_macro": 0.4902073732718894,
      "f1_weighted": 0.47785540855259895,
      "precision_macro": 0.6098585322723253,
      "recall_macro": 0.5953406087475488,
      "best_params": {
        "activation": "relu",
        "alpha": 0.0005640131825650917,
        "batch_size": 64,
        "beta_1": 0.9,
        "beta_2": 0.999,
        "early_stopping": true,
        "epsilon": 1e-08,
        "hidden_layer_sizes": [
          61,
          70
        ],
        "learning_rate": "constant",
        "learning_rate_init": 0.002043263252042027,
        "max_fun": 15000,
        "max_iter": 1000,
        "momentum": 0.9,
        "n_iter_no_change": 20,
        "nesterovs_momentum": true,
        "power_t": 0.5,
        "random_state": 42,
        "shuffle": true,
        "solver": "adam",
        "tol": 0.0001,
        "validation_fraction": 0.1,
        "verbose": false,
        "warm_start": false
      }
    },
    {
      "user_id": "15",
      "score": 0.6434262948207171,
      "balanced_score": 0.6070577516119988,
      "f1_macro": 0.6069117872219427,
      "f1_weighted": 0.6436649517331273,
      "precision_macro": 0.6067715159458279,
      "recall_macro": 0.6070577516119988,
      "best_params": {
        "activation": "relu",
        "alpha": 0.029371495759025586,
        "batch_size": 64,
        "beta_1": 0.9,
        "beta_2": 0.999,
        "early_stopping": true,
        "epsilon": 1e-08,