{
  "run_id": "7b2e5eec",
  "timestamp": "2026-06-09T00:56:46.749878+00:00",
  "classifier": "mlp",
  "dataset": "balabit",
  "preprocessor": "khan",
  "splitter": "half",
  "preprocessor_window_size": 10,
  "is_debug": false,
  "user_results": [
    {
      "user_id": "21",
      "score": 0.43652641002685766,
      "balanced_score": 0.5425337797584249,
      "f1_macro": 0.40630914933055223,
      "f1_weighted": 0.36872942908363904,
      "precision_macro": 0.5843613099793383,
      "recall_macro": 0.5425337797584249,
      "best_params": {
        "activation": "relu",
        "alpha": 6.479507528755093e-05,
        "batch_size": 32,
        "beta_1": 0.9,
        "beta_2": 0.999,
        "early_stopping": true,
        "epsilon": 1e-08,
        "hidden_layer_sizes": [
          118
        ],
        "learning_rate": "constant",
        "learning_rate_init": 0.00687964858183066,
        "max_fun": 15000,
        "max_iter": 1000,
        "momentum": 0.9,
        "n_iter_no_change": 20,
        "nesterovs_momentum": true,
        "power_t": 0.5,
        "random_state": 42,
        "shuffle": true,
        "solver": "adam",
        "tol": 0.0001,
        "validation_fraction": 0.1,
        "verbose": false,
        "warm_start": false
      }
    },
    {
      "user_id": "9",
      "score": 0.9788648145686561,
      "balanced_score": 0.9837366999512429,
      "f1_macro": 0.9698101232804346,
      "f1_weighted": 0.9791593118095837,
      "precision_macro": 0.9574946115973748,
      "recall_macro": 0.9837366999512429,
      "best_params": {
        "activation": "relu",
        "alpha": 5.942876210856536e-05,
        "batch_size": 64,
        "beta_1": 0.9,
        "beta_2": 0.999,
        "early_stopping": true,
        "epsilon": 1e-08,
        "hidden_layer_sizes": [
          66,
          51
        ],
        "learning_rate": "constant",
        "learning_rate_init": 0.001822752855250301,
        "max_fun": 15000,
        "max_iter": 1000,
        "momentum": 0.9,
        "n_iter_no_change": 20,
        "nesterovs_momentum": true,
        "power_t": 0.5,
        "random_state": 42,
        "shuffle": true,
        "solver": "adam",
        "tol": 0.0001,
        "validation_fraction": 0.1,
        "verbose": false,
        "warm_start": false
      }
    },
    {
      "user_id": "12",
      "score": 0.4616401024031712,
      "balanced_score": 0.5250630106498247,
      "f1_macro": 0.385923238844159,
      "f1_weighted": 0.3540302702095892,
      "precision_macro": 0.5884465130360443,
      "recall_macro": 0.5250630106498247,
      "best_params": {
        "activation": "relu",
        "alpha": 0.0003712433028528958,
        "batch_size": 32,
        "beta_1": 0.9,
        "beta_2": 0.999,
        "early_stopping": true,
        "epsilon": 1e-08,
        "hidden_layer_sizes": [
          91,
          126
        ],
        "learning_rate": "constant",
        "learning_rate_init": 0.0009207228794572026,
        "max_fun": 15000,
        "max_iter": 1000,
        "momentum": 0.9,
        "n_iter_no_change": 20,
        "nesterovs_momentum": true,
        "power_t": 0.5,
        "random_state": 42,
        "shuffle": true,
        "solver": "adam",
        "tol": 0.0001,
        "validation_fraction": 0.1,
        "verbose": false,
        "warm_start": false
      }
    },
    {
      "user_id": "35",
      "score": 0.6486183338431732,
      "balanced_score": 0.5246432888177961,
      "f1_macro": 0.4886686780843631,
      "f1_weighted": 0.578572923973955,
      "precision_macro": 0.5628712416638408,
      "recall_macro": 0.5246432888177961,
      "best_params": {
        "activation": "tanh",
        "alpha": 0.00990245918200531,
        "batch_size": 64,
        "beta_1": 0.9,
        "beta_2": 0.999,
        "early_stopping": true,
        "epsilon": 1e-08,
        "hidden_layer_sizes": [
          84,
          40
        ],
        "learning_rate": "constant",
        "learning_rate_init": 0.0038208063849142423,
        "max_fun": 15000,
        "max_iter": 1000,
        "momentum": 0.9,
        "n_iter_no_change": 20,
        "nesterovs_momentum": true,
        "power_t": 0.5,
        "random_state": 42,
        "shuffle": true,
        "solver": "adam",
        "tol": 0.0001,
        "validation_fraction": 0.1,
        "verbose": false,
        "warm_start": false
      }
    },
    {
      "user_id": "23",
      "score": 0.5450778682668953,
      "balanced_score": 0.5441394280753225,
      "f1_macro": 0.5258053396227861,
      "f1_weighted": 0.5262560791304087,
      "precision_macro": 0.5524702311327944,
      "recall_macro": 0.5441394280753225,
      "best_params": {
        "activation": "relu",
        "alpha": 0.027473274547168858,
        "batch_size": 64,
        "beta_1": 0.9,
        "beta_2": 0.999,
        "early_stopping": true,
        "epsilon": 1e-08,
        "hidden_layer_sizes": [
          99,
          93
        ],
        "learning_rate": "constant",
        "learning_rate_init": 0.0034176992607608076,
        "max_fun": 15000,
        "max_iter": 1000,
        "momentum": 0.9,
        "n_iter_no_change": 20,
        "nesterovs_momentum": true,
        "power_t": 0.5,
        "random_state": 42,
        "shuffle": true,
        "solver": "adam",
        "tol": 0.0001,
        "validation_fraction": 0.1,
        "verbose": false,
        "warm_start": false
      }
    },
    {
      "user_id": "29",
      "score": 0.46787800129785856,
      "balanced_score": 0.5557262979641514,
      "f1_macro": 0.4594427527343728,
      "f1_weighted": 0.43913242697242144,
      "precision_macro": 0.5727372235479682,
      "recall_macro": 0.5557262979641514,
      "best_params": {
        "activation": "tanh",
        "alpha": 0.030124856516745038,
        "batch_size": 64,
        "beta_1": 0.9,
        "beta_2": 0.999,
        "early_stopping": true,
        "epsilon": 1e-08,
        "hidden_layer_sizes": [
          60,
          44
        ],
        "learning_rate": "adaptive",
        "learning_rate_init": 0.002474577535010606,
        "max_fun": 15000,
        "max_iter": 1000,
        "momentum": 0.964802637037053,
        "n_iter_no_change": 20,
        "nesterovs_momentum": true,
        "power_t": 0.5,
        "random_state": 42,
        "shuffle": true,
        "solver": "sgd",
        "tol": 0.0001,
        "validation_fraction": 0.1,
        "verbose": false,
        "warm_start": false
      }
    },
    {
      "user_id": "16",
      "score": 0.3688995215311005,
      "balanced_score": 0.52104585300666,
      "f1_macro": 0.33773185222969915,
      "f1_weighted": 0.2844429743239948,
      "precision_macro": 0.5515168527644356,
      "recall_macro": 0.52104585300666,
      "best_params": {
        "activation": "relu",
        "alpha": 0.0005640131825650917,
        "batch_size": 64,
        "beta_1": 0.9,
        "beta_2": 0.999,
        "early_stopping": true,
        "epsilon": 1e-08,
        "hidden_layer_sizes": [
          61,
          70
        ],
        "learning_rate": "constant",
        "learning_rate_init": 0.002043263252042027,
        "max_fun": 15000,
        "max_iter": 1000,
        "momentum": 0.9,
        "n_iter_no_change": 20,
        "nesterovs_momentum": true,
        "power_t": 0.5,
        "random_state": 42,
        "shuffle": true,
        "solver": "adam",
        "tol": 0.0001,
        "validation_fraction": 0.1,
        "verbose": false,
        "warm_start": false
      }
    },
    {
      "user_id": "15",
      "score": 0.6570894858566091,
      "balanced_score": 0.5759968424005237,
      "f1_macro": 0.574411464128654,
      "f1_weighted": 0.6321442502393956,
      "precision_macro": 0.6025579787248097,
      "recall_macro": 0.5759968424005237,
      "best_params": {
        "activation": "relu",
        "alpha": 0.029371495759025586,
        "batch_size": 64,
        "beta_1": 0.9,
        "beta_2": 0.999,
        "early_stopping": true,
        "epsilon": 1e-08,