{
  "run_id": "95a9bba2",
  "timestamp": "2026-06-09T01:31:23.494190+00:00",
  "classifier": "mlp",
  "dataset": "balabit",
  "preprocessor": "khan",
  "splitter": "half",
  "preprocessor_window_size": 150,
  "is_debug": false,
  "user_results": [
    {
      "user_id": "21",
      "score": 0.5681818181818182,
      "balanced_score": 0.6145833333333333,
      "f1_macro": 0.568179064502758,
      "f1_weighted": 0.5678816671642613,
      "precision_macro": 0.6149285497111584,
      "recall_macro": 0.6145833333333333,
      "best_params": {
        "activation": "relu",
        "alpha": 6.479507528755093e-05,
        "batch_size": 32,
        "beta_1": 0.9,
        "beta_2": 0.999,
        "early_stopping": true,
        "epsilon": 1e-08,
        "hidden_layer_sizes": [
          118
        ],
        "learning_rate": "constant",
        "learning_rate_init": 0.00687964858183066,
        "max_fun": 15000,
        "max_iter": 1000,
        "momentum": 0.9,
        "n_iter_no_change": 20,
        "nesterovs_momentum": true,
        "power_t": 0.5,
        "random_state": 42,
        "shuffle": true,
        "solver": "adam",
        "tol": 0.0001,
        "validation_fraction": 0.1,
        "verbose": false,
        "warm_start": false
      }
    },
    {
      "user_id": "9",
      "score": 0.9777777777777777,
      "balanced_score": 0.976769306784971,
      "f1_macro": 0.9692087402940595,
      "f1_weighted": 0.9779504140640798,
      "precision_macro": 0.9621783439490446,
      "recall_macro": 0.976769306784971,
      "best_params": {
        "activation": "relu",
        "alpha": 5.942876210856536e-05,
        "batch_size": 64,
        "beta_1": 0.9,
        "beta_2": 0.999,
        "early_stopping": true,
        "epsilon": 1e-08,
        "hidden_layer_sizes": [
          66,
          51
        ],
        "learning_rate": "constant",
        "learning_rate_init": 0.001822752855250301,
        "max_fun": 15000,
        "max_iter": 1000,
        "momentum": 0.9,
        "n_iter_no_change": 20,
        "nesterovs_momentum": true,
        "power_t": 0.5,
        "random_state": 42,
        "shuffle": true,
        "solver": "adam",
        "tol": 0.0001,
        "validation_fraction": 0.1,
        "verbose": false,
        "warm_start": false
      }
    },
    {
      "user_id": "12",
      "score": 0.5564610011641443,
      "balanced_score": 0.5944595821980018,
      "f1_macro": 0.542510913764833,
      "f1_weighted": 0.5308858409320735,
      "precision_macro": 0.6224284709361586,
      "recall_macro": 0.5944595821980018,
      "best_params": {
        "activation": "relu",
        "alpha": 0.0003712433028528958,
        "batch_size": 32,
        "beta_1": 0.9,
        "beta_2": 0.999,
        "early_stopping": true,
        "epsilon": 1e-08,
        "hidden_layer_sizes": [
          91,
          126
        ],
        "learning_rate": "constant",
        "learning_rate_init": 0.0009207228794572026,
        "max_fun": 15000,
        "max_iter": 1000,
        "momentum": 0.9,
        "n_iter_no_change": 20,
        "nesterovs_momentum": true,
        "power_t": 0.5,
        "random_state": 42,
        "shuffle": true,
        "solver": "adam",
        "tol": 0.0001,
        "validation_fraction": 0.1,
        "verbose": false,
        "warm_start": false
      }
    },
    {
      "user_id": "35",
      "score": 0.6129943502824858,
      "balanced_score": 0.5933890880127439,
      "f1_macro": 0.587503827441908,
      "f1_weighted": 0.6196566460249096,
      "precision_macro": 0.5871452048459423,
      "recall_macro": 0.5933890880127439,
      "best_params": {
        "activation": "tanh",
        "alpha": 0.00990245918200531,
        "batch_size": 64,
        "beta_1": 0.9,
        "beta_2": 0.999,
        "early_stopping": true,
        "epsilon": 1e-08,
        "hidden_layer_sizes": [
          84,
          40
        ],
        "learning_rate": "constant",
        "learning_rate_init": 0.0038208063849142423,
        "max_fun": 15000,
        "max_iter": 1000,
        "momentum": 0.9,
        "n_iter_no_change": 20,
        "nesterovs_momentum": true,
        "power_t": 0.5,
        "random_state": 42,
        "shuffle": true,
        "solver": "adam",
        "tol": 0.0001,
        "validation_fraction": 0.1,
        "verbose": false,
        "warm_start": false
      }
    },
    {
      "user_id": "23",
      "score": 0.5987903225806451,
      "balanced_score": 0.5987919288489992,
      "f1_macro": 0.5987886917464382,
      "f1_weighted": 0.5987919534148521,
      "precision_macro": 0.5987903225806452,
      "recall_macro": 0.5987919288489992,
      "best_params": {
        "activation": "relu",
        "alpha": 0.027473274547168858,
        "batch_size": 64,
        "beta_1": 0.9,
        "beta_2": 0.999,
        "early_stopping": true,
        "epsilon": 1e-08,
        "hidden_layer_sizes": [
          99,
          93
        ],
        "learning_rate": "constant",
        "learning_rate_init": 0.0034176992607608076,
        "max_fun": 15000,
        "max_iter": 1000,
        "momentum": 0.9,
        "n_iter_no_change": 20,
        "nesterovs_momentum": true,
        "power_t": 0.5,
        "random_state": 42,
        "shuffle": true,
        "solver": "adam",
        "tol": 0.0001,
        "validation_fraction": 0.1,
        "verbose": false,
        "warm_start": false
      }
    },
    {
      "user_id": "29",
      "score": 0.4170403587443946,
      "balanced_score": 0.5155747699811551,
      "f1_macro": 0.40053763440860213,
      "f1_weighted": 0.3702083031968755,
      "precision_macro": 0.523761204126501,
      "recall_macro": 0.5155747699811551,
      "best_params": {
        "activation": "tanh",
        "alpha": 0.030124856516745038,
        "batch_size": 64,
        "beta_1": 0.9,
        "beta_2": 0.999,
        "early_stopping": true,
        "epsilon": 1e-08,
        "hidden_layer_sizes": [
          60,
          44
        ],
        "learning_rate": "adaptive",
        "learning_rate_init": 0.002474577535010606,
        "max_fun": 15000,
        "max_iter": 1000,
        "momentum": 0.964802637037053,
        "n_iter_no_change": 20,
        "nesterovs_momentum": true,
        "power_t": 0.5,
        "random_state": 42,
        "shuffle": true,
        "solver": "sgd",
        "tol": 0.0001,
        "validation_fraction": 0.1,
        "verbose": false,
        "warm_start": false
      }
    },
    {
      "user_id": "16",
      "score": 0.4493333333333333,
      "balanced_score": 0.5573299632352942,
      "f1_macro": 0.4446327045445988,
      "f1_weighted": 0.42596643949947915,
      "precision_macro": 0.5711484993227347,
      "recall_macro": 0.5573299632352942,
      "best_params": {
        "activation": "relu",
        "alpha": 0.0005640131825650917,
        "batch_size": 64,
        "beta_1": 0.9,
        "beta_2": 0.999,
        "early_stopping": true,
        "epsilon": 1e-08,
        "hidden_layer_sizes": [
          61,
          70
        ],
        "learning_rate": "constant",
        "learning_rate_init": 0.002043263252042027,
        "max_fun": 15000,
        "max_iter": 1000,
        "momentum": 0.9,
        "n_iter_no_change": 20,
        "nesterovs_momentum": true,
        "power_t": 0.5,
        "random_state": 42,
        "shuffle": true,
        "solver": "adam",
        "tol": 0.0001,
        "validation_fraction": 0.1,
        "verbose": false,
        "warm_start": false
      }
    },
    {
      "user_id": "15",
      "score": 0.6683168316831684,
      "balanced_score": 0.6430465367965368,
      "f1_macro": 0.6401656397269471,
      "f1_weighted": 0.6710572132010305,
      "precision_macro": 0.6383922728581525,
      "recall_macro": 0.6430465367965368,
      "best_params": {
        "activation": "relu",
        "alpha": 0.029371495759025586,
        "batch_size": 64,
        "beta_1": 0.9,
        "beta_2": 0.999,
        "early_stopping": true,
        "epsilon": 1e-08,