{
  "run_id": "a3b975fe",
  "timestamp": "2026-06-09T01:34:11.922665+00:00",
  "classifier": "mlp",
  "dataset": "balabit",
  "preprocessor": "khan",
  "splitter": "half",
  "preprocessor_window_size": 200,
  "is_debug": false,
  "user_results": [
    {
      "user_id": "21",
      "score": 0.5032894736842105,
      "balanced_score": 0.563589503280225,
      "f1_macro": 0.5013415892672859,
      "f1_weighted": 0.4927298897398294,
      "precision_macro": 0.5700098024041687,
      "recall_macro": 0.563589503280225,
      "best_params": {
        "activation": "relu",
        "alpha": 6.479507528755093e-05,
        "batch_size": 32,
        "beta_1": 0.9,
        "beta_2": 0.999,
        "early_stopping": true,
        "epsilon": 1e-08,
        "hidden_layer_sizes": [
          118
        ],
        "learning_rate": "constant",
        "learning_rate_init": 0.00687964858183066,
        "max_fun": 15000,
        "max_iter": 1000,
        "momentum": 0.9,
        "n_iter_no_change": 20,
        "nesterovs_momentum": true,
        "power_t": 0.5,
        "random_state": 42,
        "shuffle": true,
        "solver": "adam",
        "tol": 0.0001,
        "validation_fraction": 0.1,
        "verbose": false,
        "warm_start": false
      }
    },
    {
      "user_id": "9",
      "score": 0.9604086845466155,
      "balanced_score": 0.9608025086394472,
      "f1_macro": 0.9462374165254659,
      "f1_weighted": 0.9610079670251219,
      "precision_macro": 0.9337053417773801,
      "recall_macro": 0.9608025086394472,
      "best_params": {
        "activation": "relu",
        "alpha": 5.942876210856536e-05,
        "batch_size": 64,
        "beta_1": 0.9,
        "beta_2": 0.999,
        "early_stopping": true,
        "epsilon": 1e-08,
        "hidden_layer_sizes": [
          66,
          51
        ],
        "learning_rate": "constant",
        "learning_rate_init": 0.001822752855250301,
        "max_fun": 15000,
        "max_iter": 1000,
        "momentum": 0.9,
        "n_iter_no_change": 20,
        "nesterovs_momentum": true,
        "power_t": 0.5,
        "random_state": 42,
        "shuffle": true,
        "solver": "adam",
        "tol": 0.0001,
        "validation_fraction": 0.1,
        "verbose": false,
        "warm_start": false
      }
    },
    {
      "user_id": "12",
      "score": 0.5875190258751902,
      "balanced_score": 0.6217459264873058,
      "f1_macro": 0.579269113980883,
      "f1_weighted": 0.5705708373097113,
      "precision_macro": 0.6457548881731161,
      "recall_macro": 0.6217459264873058,
      "best_params": {
        "activation": "relu",
        "alpha": 0.0003712433028528958,
        "batch_size": 32,
        "beta_1": 0.9,
        "beta_2": 0.999,
        "early_stopping": true,
        "epsilon": 1e-08,
        "hidden_layer_sizes": [
          91,
          126
        ],
        "learning_rate": "constant",
        "learning_rate_init": 0.0009207228794572026,
        "max_fun": 15000,
        "max_iter": 1000,
        "momentum": 0.9,
        "n_iter_no_change": 20,
        "nesterovs_momentum": true,
        "power_t": 0.5,
        "random_state": 42,
        "shuffle": true,
        "solver": "adam",
        "tol": 0.0001,
        "validation_fraction": 0.1,
        "verbose": false,
        "warm_start": false
      }
    },
    {
      "user_id": "35",
      "score": 0.6431226765799256,
      "balanced_score": 0.5265444608204373,
      "f1_macro": 0.4997772397094431,
      "f1_weighted": 0.5843908656399363,
      "precision_macro": 0.5555020544427324,
      "recall_macro": 0.5265444608204373,
      "best_params": {
        "activation": "tanh",
        "alpha": 0.00990245918200531,
        "batch_size": 64,
        "beta_1": 0.9,
        "beta_2": 0.999,
        "early_stopping": true,
        "epsilon": 1e-08,
        "hidden_layer_sizes": [
          84,
          40
        ],
        "learning_rate": "constant",
        "learning_rate_init": 0.0038208063849142423,
        "max_fun": 15000,
        "max_iter": 1000,
        "momentum": 0.9,
        "n_iter_no_change": 20,
        "nesterovs_momentum": true,
        "power_t": 0.5,
        "random_state": 42,
        "shuffle": true,
        "solver": "adam",
        "tol": 0.0001,
        "validation_fraction": 0.1,
        "verbose": false,
        "warm_start": false
      }
    },
    {
      "user_id": "23",
      "score": 0.5604113110539846,
      "balanced_score": 0.5601771081152525,
      "f1_macro": 0.5566138976837194,
      "f1_weighted": 0.556719381388449,
      "precision_macro": 0.5622504785343178,
      "recall_macro": 0.5601771081152525,
      "best_params": {
        "activation": "relu",
        "alpha": 0.027473274547168858,
        "batch_size": 64,
        "beta_1": 0.9,
        "beta_2": 0.999,
        "early_stopping": true,
        "epsilon": 1e-08,
        "hidden_layer_sizes": [
          99,
          93
        ],
        "learning_rate": "constant",
        "learning_rate_init": 0.0034176992607608076,
        "max_fun": 15000,
        "max_iter": 1000,
        "momentum": 0.9,
        "n_iter_no_change": 20,
        "nesterovs_momentum": true,
        "power_t": 0.5,
        "random_state": 42,
        "shuffle": true,
        "solver": "adam",
        "tol": 0.0001,
        "validation_fraction": 0.1,
        "verbose": false,
        "warm_start": false
      }
    },
    {
      "user_id": "29",
      "score": 0.4473684210526316,
      "balanced_score": 0.5507593171797868,
      "f1_macro": 0.43041689063560185,
      "f1_weighted": 0.40053622684965107,
      "precision_macro": 0.5796099290780141,
      "recall_macro": 0.5507593171797868,
      "best_params": {
        "activation": "tanh",
        "alpha": 0.030124856516745038,
        "batch_size": 64,
        "beta_1": 0.9,
        "beta_2": 0.999,
        "early_stopping": true,
        "epsilon": 1e-08,
        "hidden_layer_sizes": [
          60,
          44
        ],
        "learning_rate": "adaptive",
        "learning_rate_init": 0.002474577535010606,
        "max_fun": 15000,
        "max_iter": 1000,
        "momentum": 0.964802637037053,
        "n_iter_no_change": 20,
        "nesterovs_momentum": true,
        "power_t": 0.5,
        "random_state": 42,
        "shuffle": true,
        "solver": "sgd",
        "tol": 0.0001,
        "validation_fraction": 0.1,
        "verbose": false,
        "warm_start": false
      }
    },
    {
      "user_id": "16",
      "score": 0.4024604569420035,
      "balanced_score": 0.5409057447832611,
      "f1_macro": 0.37882096069869,
      "f1_weighted": 0.3355883684699273,
      "precision_macro": 0.5807483791638721,
      "recall_macro": 0.5409057447832611,
      "best_params": {
        "activation": "relu",
        "alpha": 0.0005640131825650917,
        "batch_size": 64,
        "beta_1": 0.9,
        "beta_2": 0.999,
        "early_stopping": true,
        "epsilon": 1e-08,
        "hidden_layer_sizes": [
          61,
          70
        ],
        "learning_rate": "constant",
        "learning_rate_init": 0.002043263252042027,
        "max_fun": 15000,
        "max_iter": 1000,
        "momentum": 0.9,
        "n_iter_no_change": 20,
        "nesterovs_momentum": true,
        "power_t": 0.5,
        "random_state": 42,
        "shuffle": true,
        "solver": "adam",
        "tol": 0.0001,
        "validation_fraction": 0.1,
        "verbose": false,
        "warm_start": false
      }
    },
    {
      "user_id": "15",
      "score": 0.6747967479674797,
      "balanced_score": 0.6498682781411041,
      "f1_macro": 0.6482337329550655,
      "f1_weighted": 0.6763685240037172,
      "precision_macro": 0.6469978240174079,
      "recall_macro": 0.6498682781411041,
      "best_params": {
        "activation": "relu",
        "alpha": 0.029371495759025586,
        "batch_size": 64,
        "beta_1": 0.9,
        "beta_2": 0.999,
        "early_stopping": true,
        "epsilon": 1e-08,