{
  "run_id": "fbc2b4f7",
  "timestamp": "2026-05-07T08:42:28.863130+00:00",
  "classifier": "mlp",
  "dataset": "balabit",
  "preprocessor": "khan",
  "splitter": "half",
  "preprocessor_window_size": 100,
  "is_debug": false,
  "user_results": [
    {
      "user_id": "21",
      "score": 0.3452991452991453,
      "balanced_score": 0.4703070463857555,
      "f1_macro": 0.2680930992241732,
      "f1_weighted": 0.20267113386590727,
      "precision_macro": 0.310431131923139,
      "recall_macro": 0.4703070463857555,
      "best_params": {
        "activation": "relu",
        "alpha": 3.6298408401863574e-05,
        "batch_size": 128,
        "beta_1": 0.9,
        "beta_2": 0.999,
        "early_stopping": true,
        "epsilon": 1e-08,
        "hidden_layer_sizes": [
          110,
          109
        ],
        "learning_rate": "constant",
        "learning_rate_init": 0.002397984219551709,
        "max_fun": 15000,
        "max_iter": 1000,
        "momentum": 0.9,
        "n_iter_no_change": 20,
        "nesterovs_momentum": true,
        "power_t": 0.5,
        "random_state": 42,
        "shuffle": true,
        "solver": "adam",
        "tol": 0.0001,
        "validation_fraction": 0.1,
        "verbose": false,
        "warm_start": false
      }
    },
    {
      "user_id": "9",
      "score": 0.9733072916666666,
      "balanced_score": 0.9786734346917958,
      "f1_macro": 0.9629895831802888,
      "f1_weighted": 0.9737271244410816,
      "precision_macro": 0.9494587266221668,
      "recall_macro": 0.9786734346917958,
      "best_params": {
        "activation": "relu",
        "alpha": 5.942876210856536e-05,
        "batch_size": 64,
        "beta_1": 0.9,
        "beta_2": 0.999,
        "early_stopping": true,
        "epsilon": 1e-08,
        "hidden_layer_sizes": [
          66,
          51
        ],
        "learning_rate": "constant",
        "learning_rate_init": 0.001822752855250301,
        "max_fun": 15000,
        "max_iter": 1000,
        "momentum": 0.9,
        "n_iter_no_change": 20,
        "nesterovs_momentum": true,
        "power_t": 0.5,
        "random_state": 42,
        "shuffle": true,
        "solver": "adam",
        "tol": 0.0001,
        "validation_fraction": 0.1,
        "verbose": false,
        "warm_start": false
      }
    },
    {
      "user_id": "12",
      "score": 0.5226011102299762,
      "balanced_score": 0.5706409735891335,
      "f1_macro": 0.49125692288721257,
      "f1_weighted": 0.4729310881149258,
      "precision_macro": 0.6175259715275105,
      "recall_macro": 0.5706409735891335,
      "best_params": {
        "activation": "relu",
        "alpha": 0.004188379278125915,
        "batch_size": 256,
        "beta_1": 0.9,
        "beta_2": 0.999,
        "early_stopping": true,
        "epsilon": 1e-08,
        "hidden_layer_sizes": [
          87,
          67
        ],
        "learning_rate": "constant",
        "learning_rate_init": 0.0005916118533993239,
        "max_fun": 15000,
        "max_iter": 1000,
        "momentum": 0.9,
        "n_iter_no_change": 20,
        "nesterovs_momentum": true,
        "power_t": 0.5,
        "random_state": 42,
        "shuffle": true,
        "solver": "adam",
        "tol": 0.0001,
        "validation_fraction": 0.1,
        "verbose": false,
        "warm_start": false
      }
    },
    {
      "user_id": "35",
      "score": 0.6409756097560976,
      "balanced_score": 0.4975981021207619,
      "f1_macro": 0.42410806981544585,
      "f1_weighted": 0.5347829192923126,
      "precision_macro": 0.4868177184690946,
      "recall_macro": 0.4975981021207619,
      "best_params": {
        "activation": "relu",
        "alpha": 0.00011188482506567831,
        "batch_size": 256,
        "beta_1": 0.9,
        "beta_2": 0.999,
        "early_stopping": true,
        "epsilon": 1e-08,
        "hidden_layer_sizes": [
          37
        ],
        "learning_rate": "constant",
        "learning_rate_init": 0.0010399877976580204,
        "max_fun": 15000,
        "max_iter": 1000,
        "momentum": 0.9,
        "n_iter_no_change": 20,
        "nesterovs_momentum": true,
        "power_t": 0.5,
        "random_state": 42,
        "shuffle": true,
        "solver": "adam",
        "tol": 0.0001,
        "validation_fraction": 0.1,
        "verbose": false,
        "warm_start": false
      }
    },
    {
      "user_id": "23",
      "score": 0.5733695652173914,
      "balanced_score": 0.5733569635208979,
      "f1_macro": 0.5733569635208979,
      "f1_weighted": 0.5733695652173914,
      "precision_macro": 0.5733569635208979,
      "recall_macro": 0.5733569635208979,
      "best_params": {
        "activation": "relu",
        "alpha": 0.029709009895887522,
        "batch_size": 64,
        "beta_1": 0.9,
        "beta_2": 0.999,
        "early_stopping": true,
        "epsilon": 1e-08,
        "hidden_layer_sizes": [
          120
        ],
        "learning_rate": "constant",
        "learning_rate_init": 0.006951978210220527,
        "max_fun": 15000,
        "max_iter": 1000,
        "momentum": 0.9,
        "n_iter_no_change": 20,
        "nesterovs_momentum": true,
        "power_t": 0.5,
        "random_state": 42,
        "shuffle": true,
        "solver": "adam",
        "tol": 0.0001,
        "validation_fraction": 0.1,
        "verbose": false,
        "warm_start": false
      }
    },
    {
      "user_id": "29",
      "score": 0.4667697063369397,
      "balanced_score": 0.5480939716312057,
      "f1_macro": 0.46182778199703445,
      "f1_weighted": 0.44596579903508043,
      "precision_macro": 0.5579992363497518,
      "recall_macro": 0.5480939716312057,
      "best_params": {
        "activation": "tanh",
        "alpha": 0.030124856516745038,
        "batch_size": 64,
        "beta_1": 0.9,
        "beta_2": 0.999,
        "early_stopping": true,
        "epsilon": 1e-08,
        "hidden_layer_sizes": [
          60,
          44
        ],
        "learning_rate": "adaptive",
        "learning_rate_init": 0.002474577535010606,
        "max_fun": 15000,
        "max_iter": 1000,
        "momentum": 0.964802637037053,
        "n_iter_no_change": 20,
        "nesterovs_momentum": true,
        "power_t": 0.5,
        "random_state": 42,
        "shuffle": true,
        "solver": "sgd",
        "tol": 0.0001,
        "validation_fraction": 0.1,
        "verbose": false,
        "warm_start": false
      }
    },
    {
      "user_id": "16",
      "score": 0.39026629935720847,
      "balanced_score": 0.5326168855884478,
      "f1_macro": 0.3650547227334673,
      "f1_weighted": 0.31916268233541306,
      "precision_macro": 0.5673618352450469,
      "recall_macro": 0.5326168855884478,
      "best_params": {
        "activation": "relu",
        "alpha": 0.0007061792966248609,
        "batch_size": 32,
        "beta_1": 0.9,
        "beta_2": 0.999,
        "early_stopping": true,
        "epsilon": 1e-08,
        "hidden_layer_sizes": [
          77,
          88
        ],
        "learning_rate": "constant",
        "learning_rate_init": 0.001444506658034679,
        "max_fun": 15000,
        "max_iter": 1000,
        "momentum": 0.9,
        "n_iter_no_change": 20,
        "nesterovs_momentum": true,
        "power_t": 0.5,
        "random_state": 42,
        "shuffle": true,
        "solver": "adam",
        "tol": 0.0001,
        "validation_fraction": 0.1,
        "verbose": false,
        "warm_start": false
      }
    },
    {
      "user_id": "15",
      "score": 0.6658141517476556,
      "balanced_score": 0.6279048604325919,
      "f1_macro": 0.6291112530731556,
      "f1_weighted": 0.6640237664464604,
      "precision_macro": 0.6306762575846545,
      "recall_macro": 0.6279048604325919,
      "best_params": {
        "activation": "tanh",
        "alpha": 0.0002320311539261015,
        "batch_size": 64,
        "beta_1": 0.9,
        "beta_2": 0.999,
        "early_stopping": true,
        "epsilon": 1e-08,